order_id,customer_id,order_date,total_amount,coupon_code
ORD1000,C004,2026-09-11,1497140,
ORD1001,C031,2026-09-28,1177237,AKHIRBULAN20
ORD1002,C027,2026-09-15,514604,DISKON10
ORD1003,C018,2026-09-21,1459148,DISKON10
ORD1004,C018,2026-09-14,773995,
ORD1005,C035,2026-09-08,776074,DISKON10
ORD1006,C004,2026-09-23,678863,AKHIRBULAN20
ORD1007,C028,2026-09-30,258651,
ORD1008,C009,2026-09-08,1404840,AKHIRBULAN20
ORD1009,C004,2026-09-24,70207,AKHIRBULAN20
ORD1010,C022,2026-09-08,302703,DISKON10
ORD1011,C040,2026-09-22,383001,DISKON10
ORD1012,C030,2026-09-24,454981,AKHIRBULAN20
ORD1013,C031,2026-09-14,241142,AKHIRBULAN20
ORD1014,C029,2026-09-23,76044,AKHIRBULAN20
ORD1015,C032,2026-09-09,1032605,AKHIRBULAN20
ORD1016,C021,2026-09-03,1455499,AKHIRBULAN20
ORD1017,C006,2026-09-03,226657,
ORD1018,C034,2026-09-14,479976,AKHIRBULAN20
ORD1019,C019,2026-09-28,784178,
ORD1020,C021,2026-09-04,1394878,
ORD1021,C015,2026-09-14,1056680,DISKON10
ORD1022,C008,2026-09-22,1160972,AKHIRBULAN20
ORD1023,C038,2026-09-07,892619,DISKON10
ORD1024,C032,2026-09-22,654701,
ORD1025,C026,2026-09-10,339674,
ORD1026,C017,2026-09-25,1303255,
ORD1027,C033,2026-09-18,1215980,DISKON10
ORD1028,C022,2026-09-17,86396,
ORD1029,C018,2026-09-06,1087340,AKHIRBULAN20
ORD1030,C019,2026-09-14,172362,
ORD1031,C010,2026-09-26,1121526,AKHIRBULAN20
ORD1032,C004,2026-09-01,1247633,
ORD1033,C023,2026-09-23,240033,
ORD1034,C036,2026-09-15,679062,AKHIRBULAN20
ORD1035,C003,2026-09-22,229443,
ORD1036,C035,2026-09-20,872559,AKHIRBULAN20
ORD1037,C034,2026-09-13,1394965,
ORD1038,C012,2026-09-10,167260,AKHIRBULAN20
ORD1039,C026,2026-09-19,626488,
ORD1040,C007,2026-09-05,1461024,AKHIRBULAN20
ORD1041,C031,2026-09-18,486375,
ORD1042,C029,2026-09-03,241714,
ORD1043,C015,2026-09-20,758446,DISKON10
ORD1044,C003,2026-09-19,787140,
ORD1045,C039,2026-09-03,1011153,
ORD1046,C018,2026-09-23,504919,
ORD1047,C036,2026-09-13,1435653,AKHIRBULAN20
ORD1048,C028,2026-09-24,805482,DISKON10
ORD1049,C032,2026-09-02,465347,AKHIRBULAN20
ORD1050,C031,2026-09-06,1442412,
ORD1051,C008,2026-09-15,1390972,AKHIRBULAN20
ORD1052,C015,2026-09-06,773788,DISKON10
ORD1053,C019,2026-09-10,86046,DISKON10
ORD1054,C020,2026-09-20,915557,DISKON10
ORD1055,C002,2026-09-05,855037,DISKON10
ORD1056,C022,2026-09-21,264902,
ORD1057,C007,2026-09-04,969263,
ORD1058,C030,2026-09-06,1269150,DISKON10
ORD1059,C028,2026-09-18,203551,DISKON10
ORD1060,C037,2026-09-24,1098817,
ORD1061,C030,2026-09-06,253492,AKHIRBULAN20
ORD1062,C015,2026-09-09,1135798,AKHIRBULAN20
ORD1063,C039,2026-09-28,657715,AKHIRBULAN20
ORD1064,C017,2026-09-30,59440,
ORD1065,C014,2026-09-18,1451036,DISKON10
ORD1066,C037,2026-09-14,290657,
ORD1067,C015,2026-09-11,914261,
ORD1068,C004,2026-09-19,313128,AKHIRBULAN20
ORD1069,C019,2026-09-18,1402883,
ORD1070,C032,2026-09-09,1120572,
ORD1071,C008,2026-09-01,1216323,AKHIRBULAN20
ORD1072,C019,2026-09-05,676515,AKHIRBULAN20
ORD1073,C006,2026-09-29,727703,AKHIRBULAN20
ORD1074,C028,2026-09-13,969736,AKHIRBULAN20
ORD1075,C020,2026-09-15,1187907,AKHIRBULAN20
ORD1076,C014,2026-09-15,1278120,
ORD1077,C010,2026-09-24,75863,DISKON10
ORD1078,C023,2026-09-02,1012163,AKHIRBULAN20
ORD1079,C027,2026-09-03,208258,
ORD1080,C038,2026-09-09,467501,DISKON10
ORD1081,C018,2026-09-15,1252671,
ORD1082,C007,2026-09-21,413244,
ORD1083,C034,2026-09-15,1205384,DISKON10
ORD1084,C026,2026-09-14,721361,AKHIRBULAN20
ORD1085,C029,2026-09-29,387329,
ORD1086,C004,2026-09-05,534654,
ORD1087,C013,2026-09-18,819615,
ORD1088,C031,2026-09-17,1159463,AKHIRBULAN20
ORD1089,C034,2026-09-15,928722,
ORD1090,C018,2026-09-25,1403174,
ORD1091,C033,2026-09-09,1308221,AKHIRBULAN20
ORD1092,C034,2026-09-29,1142362,DISKON10
ORD1093,C016,2026-09-10,924505,
ORD1094,C036,2026-09-17,470290,AKHIRBULAN20
ORD1095,C012,2026-09-16,648228,DISKON10
ORD1096,C010,2026-09-26,222396,
ORD1097,C028,2026-09-14,592566,AKHIRBULAN20
ORD1098,C026,2026-09-09,1393384,DISKON10
ORD1099,C006,2026-09-01,667529,DISKON10
ORD1100,C034,2026-09-11,214906,AKHIRBULAN20
ORD1101,C008,2026-09-25,995299,
ORD1102,C033,2026-09-01,1445791,
ORD1103,C001,2026-09-27,1307861,AKHIRBULAN20
ORD1104,C032,2026-09-17,447410,
ORD1105,C032,2026-09-05,708150,
ORD1106,C032,2026-09-10,819973,AKHIRBULAN20
ORD1107,C027,2026-09-17,409367,
ORD1108,C019,2026-09-10,439603,AKHIRBULAN20
ORD1109,C029,2026-09-04,393160,
ORD1110,C012,2026-09-20,1492142,
ORD1111,C032,2026-09-21,1131720,
ORD1112,C023,2026-09-04,1269241,AKHIRBULAN20
ORD1113,C019,2026-09-09,1234024,
ORD1114,C021,2026-09-08,1440758,AKHIRBULAN20
ORD1115,C023,2026-09-20,202653,AKHIRBULAN20
ORD1116,C002,2026-09-22,1328367,AKHIRBULAN20
ORD1117,C006,2026-09-22,146510,
ORD1118,C010,2026-09-29,739360,AKHIRBULAN20
ORD1119,C005,2026-09-24,911928,
ORD1120,C018,2026-09-10,568898,
ORD1121,C027,2026-09-04,261951,AKHIRBULAN20
ORD1122,C027,2026-09-19,328836,AKHIRBULAN20
ORD1123,C019,2026-09-28,1245763,AKHIRBULAN20
ORD1124,C035,2026-09-30,512149,
ORD1125,C023,2026-09-07,499985,
ORD1126,C004,2026-09-08,1388874,AKHIRBULAN20
ORD1127,C031,2026-09-02,258614,
ORD1128,C023,2026-09-05,1377137,AKHIRBULAN20
ORD1129,C026,2026-09-17,1385407,
ORD1130,C023,2026-09-17,917911,
ORD1131,C023,2026-09-12,290020,
ORD1132,C004,2026-09-10,275998,
ORD1133,C023,2026-09-25,462844,
ORD1134,C032,2026-09-14,887252,AKHIRBULAN20
ORD1135,C013,2026-09-25,272739,AKHIRBULAN20
ORD1136,C025,2026-09-29,710703,AKHIRBULAN20
ORD1137,C002,2026-09-10,217460,DISKON10
ORD1138,C014,2026-09-07,833411,
ORD1139,C018,2026-09-29,80664,
ORD1140,C040,2026-09-20,1078102,
ORD1141,C009,2026-09-09,130323,AKHIRBULAN20
ORD1142,C012,2026-09-19,332491,
ORD1143,C017,2026-09-16,303230,AKHIRBULAN20
ORD1144,C040,2026-09-28,1254941,AKHIRBULAN20
ORD1145,C035,2026-09-08,127403,
ORD1146,C002,2026-09-30,672426,
ORD1147,C010,2026-09-29,907158,
ORD1148,C033,2026-09-06,798193,AKHIRBULAN20
ORD1149,C003,2026-09-05,1037036,
ORD1150,C035,2026-09-16,1214496,AKHIRBULAN20
ORD1151,C012,2026-09-02,620764,
ORD1152,C037,2026-09-09,1250915,
ORD1153,C012,2026-09-14,511087,AKHIRBULAN20
ORD1154,C018,2026-09-30,1477412,AKHIRBULAN20
ORD1155,C027,2026-09-30,781563,AKHIRBULAN20
ORD1156,C006,2026-09-05,1117219,
ORD1157,C023,2026-09-27,1318757,DISKON10
ORD1158,C021,2026-09-03,1199344,
ORD1159,C032,2026-09-23,1284140,
ORD1160,C040,2026-09-26,827944,DISKON10
ORD1161,C027,2026-09-27,113038,AKHIRBULAN20
ORD1162,C017,2026-09-07,764971,
ORD1163,C017,2026-09-27,313172,AKHIRBULAN20
ORD1164,C017,2026-09-04,1339219,DISKON10
ORD1165,C033,2026-09-16,393280,
ORD1166,C013,2026-09-15,380701,
ORD1167,C007,2026-09-10,411611,
ORD1168,C014,2026-09-01,981721,AKHIRBULAN20
ORD1169,C001,2026-09-24,878287,DISKON10
ORD1170,C005,2026-09-11,1425819,DISKON10
ORD1171,C004,2026-09-20,653580,DISKON10
ORD1172,C031,2026-09-13,459303,AKHIRBULAN20
ORD1173,C029,2026-09-12,121418,AKHIRBULAN20
ORD1174,C028,2026-09-27,60260,AKHIRBULAN20
ORD1175,C019,2026-09-03,591740,AKHIRBULAN20
ORD1176,C029,2026-09-23,1392435,DISKON10
ORD1177,C007,2026-09-23,809441,
ORD1178,C037,2026-09-12,1345644,
ORD1179,C021,2026-09-08,197424,DISKON10
ORD1180,C038,2026-09-01,185315,DISKON10
ORD1181,C007,2026-09-29,1258514,AKHIRBULAN20
ORD1182,C020,2026-09-29,204775,DISKON10
ORD1183,C028,2026-09-08,125344,AKHIRBULAN20
ORD1184,C020,2026-09-01,635934,AKHIRBULAN20
ORD1185,C018,2026-09-04,1391020,DISKON10
ORD1186,C007,2026-09-03,1049605,DISKON10
ORD1187,C016,2026-09-25,193714,AKHIRBULAN20
ORD1188,C010,2026-09-27,1263840,DISKON10
ORD1189,C013,2026-09-05,1273183,DISKON10
ORD1190,C028,2026-09-23,1211009,
ORD1191,C026,2026-09-06,1358847,
ORD1192,C025,2026-09-12,397823,
ORD1193,C015,2026-09-18,1470377,AKHIRBULAN20
ORD1194,C039,2026-09-22,515009,
ORD1195,C004,2026-09-27,1212937,DISKON10
ORD1196,C014,2026-09-02,890078,DISKON10
ORD1197,C005,2026-09-06,1180242,
ORD1198,C014,2026-09-09,960338,AKHIRBULAN20
ORD1199,C039,2026-09-10,981600,DISKON10
